,Linear Regression,Ridge Regression,Lasso Regression
area,139589.33453290266,139412.38649796316,139588.33038765233
bedrooms,67391.98508709055,67281.97409817934,67390.85022733046
age,-28436.68673445778,-28410.179778835627,-28435.73684028625
location_suburban,109230.07213316944,107871.0184192064,109221.00436695271
location_urban,153361.37538767676,151878.1121975817,153352.6497474382
