,RMSE,R-squared
Linear Regression,53818.32914977084,0.8802537488234659
Ridge Regression,53785.33027231971,0.8804005493836241
Lasso Regression,53818.083169774174,0.880254843436235
